forest_name,district,latitude,longitude,temperature,humidity,rainfall,wind_speed,fire_risk
Chitwan National Park,Chitwan,27.5341,84.438,33.41,73.03,12.67,6.46,0
Chitwan National Park,Chitwan,27.5341,84.438,20.02,44.47,6.6,12.75,0
Chitwan National Park,Chitwan,27.5341,84.438,37.15,73.46,0.75,6.04,0
Chitwan National Park,Chitwan,27.5341,84.438,35.07,21.03,13.51,7.57,0
Chitwan National Park,Chitwan,27.5341,84.438,23.08,20.66,19.3,18.44,0
Chitwan National Park,Chitwan,27.5341,84.438,38.84,45.54,5.61,14.33,0
Chitwan National Park,Chitwan,27.5341,84.438,28.75,39.87,8.69,8.7,0
Chitwan National Park,Chitwan,27.5341,84.438,18.73,31.37,3.59,5.96,0
Chitwan National Park,Chitwan,27.5341,84.438,31.94,44.18,1.28,18.4,0
Chitwan National Park,Chitwan,27.5341,84.438,22.76,34.77,2.99,18.44,0
Chitwan National Park,Chitwan,27.5341,84.438,17.79,32.9,17.53,3.51,0
Chitwan National Park,Chitwan,27.5341,84.438,36.55,33.87,18.07,4.24,0
Chitwan National Park,Chitwan,27.5341,84.438,35.66,69.43,19.44,15.06,0
Chitwan National Park,Chitwan,27.5341,84.438,31.6,71.32,14.07,15.86,0
Chitwan National Park,Chitwan,27.5341,84.438,35.27,58.69,10.15,4.72,0
Chitwan National Park,Chitwan,27.5341,84.438,27.38,84.57,14.98,19.85,0
Chitwan National Park,Chitwan,27.5341,84.438,19.71,79.44,19.17,12.16,0
Chitwan National Park,Chitwan,27.5341,84.438,19.16,22.32,19.82,8.49,0
Chitwan National Park,Chitwan,27.5341,84.438,15.67,65.51,14.69,11.25,0
Chitwan National Park,Chitwan,27.5341,84.438,22.51,28.99,10.75,6.07,0
Chitwan National Park,Chitwan,27.5341,84.438,28.33,41.88,3.96,17.74,0
Chitwan National Park,Chitwan,27.5341,84.438,34.83,60.5,19.41,3.4,0
Chitwan National Park,Chitwan,27.5341,84.438,15.98,67.08,19.32,19.99,0
Chitwan National Park,Chitwan,27.5341,84.438,24.06,73.92,2.32,4.06,0
Chitwan National Park,Chitwan,27.5341,84.438,20.14,50.17,10.41,4.65,0
Chitwan National Park,Chitwan,27.5341,84.438,15.63,88.32,3.51,5.42,0
Chitwan National Park,Chitwan,27.5341,84.438,36.22,52.53,18.54,2.68,0
Chitwan National Park,Chitwan,27.5341,84.438,37.8,87.25,16.51,5.55,0
Chitwan National Park,Chitwan,27.5341,84.438,33.49,24.81,4.33,3.42,1
Chitwan National Park,Chitwan,27.5341,84.438,19.45,45.92,11.59,18.55,0
Chitwan National Park,Chitwan,27.5341,84.438,34.92,58.58,3.94,6.4,0
Chitwan National Park,Chitwan,27.5341,84.438,36.16,25.75,9.37,12.7,0
Chitwan National Park,Chitwan,27.5341,84.438,34.56,28.2,17.38,5.34,0
Chitwan National Park,Chitwan,27.5341,84.438,28.33,51.18,9.18,0.55,0
Chitwan National Park,Chitwan,27.5341,84.438,29.65,48.01,9.1,7.36,0
Chitwan National Park,Chitwan,27.5341,84.438,26.24,69.49,18.14,17.81,0
Chitwan National Park,Chitwan,27.5341,84.438,17.45,70.83,9.84,4.44,0
Chitwan National Park,Chitwan,27.5341,84.438,35.75,55.66,8.06,17.47,0
Chitwan National Park,Chitwan,27.5341,84.438,19.94,64.13,16.54,7.88,0
Chitwan National Park,Chitwan,27.5341,84.438,34.49,84.52,1.4,9.85,0
Chitwan National Park,Chitwan,27.5341,84.438,28.37,74.16,14.5,1.97,0
Chitwan National Park,Chitwan,27.5341,84.438,39.57,73.26,3.1,15.88,0
Chitwan National Park,Chitwan,27.5341,84.438,24.78,79.06,1.61,19.72,0
Chitwan National Park,Chitwan,27.5341,84.438,18.47,51.7,0.64,14.11,0
Chitwan National Park,Chitwan,27.5341,84.438,31.33,76.82,12.5,0.12,0
Chitwan National Park,Chitwan,27.5341,84.438,36.66,83.97,13.45,18.11,0
Chitwan National Park,Chitwan,27.5341,84.438,25.36,26.1,4.9,11.13,0
Chitwan National Park,Chitwan,27.5341,84.438,34.54,67.84,6.51,3.43,0
Chitwan National Park,Chitwan,27.5341,84.438,35.58,49.54,13.2,2.77,0
Chitwan National Park,Chitwan,27.5341,84.438,26.11,81.03,15.47,2.56,0
Bardiya National Park,Bardiya,28.385,81.3008,36.32,54.3,9.25,4.04,0
Bardiya National Park,Bardiya,28.385,81.3008,28.45,78.69,1.2,7.67,0
Bardiya National Park,Bardiya,28.385,81.3008,38.67,80.55,7.86,5.08,0
Bardiya National Park,Bardiya,28.385,81.3008,18.02,84.62,4.16,13.68,0
Bardiya National Park,Bardiya,28.385,81.3008,21.68,71.85,4.62,13.03,0
Bardiya National Park,Bardiya,28.385,81.3008,32.93,75.9,7.81,1.69,0
Bardiya National Park,Bardiya,28.385,81.3008,26.64,25.75,2.72,2.7,0
Bardiya National Park,Bardiya,28.385,81.3008,24.6,44.74,17.29,5.07,0
Bardiya National Park,Bardiya,28.385,81.3008,23.8,47.85,7.51,11.59,0
Bardiya National Park,Bardiya,28.385,81.3008,38.46,34.48,1.08,8.8,1
Bardiya National Park,Bardiya,28.385,81.3008,16.44,37.65,5.81,9.03,0
Bardiya National Park,Bardiya,28.385,81.3008,28.71,53.42,12.24,6.51,0
Bardiya National Park,Bardiya,28.385,81.3008,28.22,55.11,0.94,15.94,0
Bardiya National Park,Bardiya,28.385,81.3008,16.49,29.62,0.03,6.54,0
Bardiya National Park,Bardiya,28.385,81.3008,20.41,71.46,9.24,7.38,0
Bardiya National Park,Bardiya,28.385,81.3008,24.17,28.56,6.14,12.05,0
Bardiya National Park,Bardiya,28.385,81.3008,22.36,79.15,8.77,0.8,0
Bardiya National Park,Bardiya,28.385,81.3008,32.96,72.2,16.19,12.15,0
Bardiya National Park,Bardiya,28.385,81.3008,37.45,45.64,13.84,11.43,0
Bardiya National Park,Bardiya,28.385,81.3008,38.06,45.31,4.77,17.88,0
Bardiya National Park,Bardiya,28.385,81.3008,34.88,86.38,10.84,12.33,0
Bardiya National Park,Bardiya,28.385,81.3008,21.12,31.89,18.43,9.96,0
Bardiya National Park,Bardiya,28.385,81.3008,15.89,74.37,15.47,0.91,0
Bardiya National Park,Bardiya,28.385,81.3008,30.45,55.23,2.77,16.48,0
Bardiya National Park,Bardiya,28.385,81.3008,25.97,57.08,5.91,16.01,0
Bardiya National Park,Bardiya,28.385,81.3008,23.02,74.64,13.91,7.29,0
Bardiya National Park,Bardiya,28.385,81.3008,30.98,55.95,12.69,7.13,0
Bardiya National Park,Bardiya,28.385,81.3008,27.58,80.42,9.83,8.86,0
Bardiya National Park,Bardiya,28.385,81.3008,27.2,44.5,2.08,9.74,0
Bardiya National Park,Bardiya,28.385,81.3008,39.07,27.21,10.74,3.75,0
Bardiya National Park,Bardiya,28.385,81.3008,31.51,28.66,11.38,8.52,0
Bardiya National Park,Bardiya,28.385,81.3008,33.75,29.8,15.08,11.16,0
Bardiya National Park,Bardiya,28.385,81.3008,17.74,64.24,2.09,2.53,0
Bardiya National Park,Bardiya,28.385,81.3008,25.61,22.23,2.14,7.05,0
Bardiya National Park,Bardiya,28.385,81.3008,35.4,44.31,11.94,17.98,0
Bardiya National Park,Bardiya,28.385,81.3008,18.01,62.33,5.65,5.15,0
Bardiya National Park,Bardiya,28.385,81.3008,24.7,84.3,11.22,15.75,0
Bardiya National Park,Bardiya,28.385,81.3008,30.67,80.1,11.64,3.76,0
Bardiya National Park,Bardiya,28.385,81.3008,32.25,47.38,2.15,13.17,0
Bardiya National Park,Bardiya,28.385,81.3008,27.42,78.45,6.53,12.77,0
Bardiya National Park,Bardiya,28.385,81.3008,26.74,82.19,8.47,16.12,0
Bardiya National Park,Bardiya,28.385,81.3008,39.03,83.75,19.37,19.96,0
Bardiya National Park,Bardiya,28.385,81.3008,29.51,74.57,4.42,19.85,0
Bardiya National Park,Bardiya,28.385,81.3008,33.42,57.33,16.71,14.02,0
Bardiya National Park,Bardiya,28.385,81.3008,18.21,31.2,5.94,18.98,0
Bardiya National Park,Bardiya,28.385,81.3008,38.13,34.27,16.78,11.81,0
Bardiya National Park,Bardiya,28.385,81.3008,20.7,58.02,4.66,5.08,0
Bardiya National Park,Bardiya,28.385,81.3008,33.52,36.44,15.34,12.76,0
Bardiya National Park,Bardiya,28.385,81.3008,33.05,70.55,0.31,19.97,0
Bardiya National Park,Bardiya,28.385,81.3008,24.95,30.39,1.84,5.83,0
Banke National Park,Banke,28.2,81.7333,30.24,89.1,19.0,1.45,0
Banke National Park,Banke,28.2,81.7333,39.25,67.36,2.62,17.06,0
Banke National Park,Banke,28.2,81.7333,27.96,59.69,2.39,12.84,0
Banke National Park,Banke,28.2,81.7333,35.09,80.43,9.05,15.69,0
Banke National Park,Banke,28.2,81.7333,38.68,34.18,12.91,18.89,0
Banke National Park,Banke,28.2,81.7333,24.06,87.05,1.2,19.93,0
Banke National Park,Banke,28.2,81.7333,30.29,51.03,18.55,18.37,0
Banke National Park,Banke,28.2,81.7333,28.47,25.99,9.3,19.24,0
Banke National Park,Banke,28.2,81.7333,39.34,43.16,8.51,1.38,0
Banke National Park,Banke,28.2,81.7333,19.34,26.28,3.54,2.86,0
Banke National Park,Banke,28.2,81.7333,20.6,41.45,9.28,1.49,0
Banke National Park,Banke,28.2,81.7333,15.75,20.61,12.24,12.49,0
Banke National Park,Banke,28.2,81.7333,27.81,79.68,0.05,6.41,0
Banke National Park,Banke,28.2,81.7333,26.42,25.93,5.23,1.79,0
Banke National Park,Banke,28.2,81.7333,37.01,52.8,0.1,4.62,0
Banke National Park,Banke,28.2,81.7333,22.12,47.63,19.24,3.13,0
Banke National Park,Banke,28.2,81.7333,33.9,77.74,13.75,14.65,0
Banke National Park,Banke,28.2,81.7333,20.39,59.85,2.75,19.63,0
Banke National Park,Banke,28.2,81.7333,23.5,69.91,19.51,0.31,0
Banke National Park,Banke,28.2,81.7333,20.12,40.97,10.65,1.22,0
Banke National Park,Banke,28.2,81.7333,24.24,73.82,2.07,2.13,0
Banke National Park,Banke,28.2,81.7333,27.5,71.61,0.22,8.7,0
Banke National Park,Banke,28.2,81.7333,25.63,81.2,0.61,19.94,0
Banke National Park,Banke,28.2,81.7333,29.93,32.22,6.12,2.19,0
Banke National Park,Banke,28.2,81.7333,18.52,47.3,10.07,1.22,0
Banke National Park,Banke,28.2,81.7333,36.09,78.77,8.06,16.71,0
Banke National Park,Banke,28.2,81.7333,39.96,58.2,9.12,5.61,0
Banke National Park,Banke,28.2,81.7333,18.43,29.8,14.67,14.64,0
Banke National Park,Banke,28.2,81.7333,22.91,46.06,1.91,13.3,0
Banke National Park,Banke,28.2,81.7333,16.21,48.44,19.33,19.5,0
Banke National Park,Banke,28.2,81.7333,34.34,25.25,12.66,4.46,0
Banke National Park,Banke,28.2,81.7333,33.02,21.85,16.43,18.46,0
Banke National Park,Banke,28.2,81.7333,23.43,45.34,17.29,16.61,0
Banke National Park,Banke,28.2,81.7333,33.77,74.92,11.66,4.78,0
Banke National Park,Banke,28.2,81.7333,28.84,64.65,2.96,7.7,0
Banke National Park,Banke,28.2,81.7333,29.28,79.1,13.6,11.86,0
Banke National Park,Banke,28.2,81.7333,18.95,65.74,13.35,8.44,0
Banke National Park,Banke,28.2,81.7333,32.07,85.85,19.7,1.12,0
Banke National Park,Banke,28.2,81.7333,27.9,86.31,12.08,16.64,0
Banke National Park,Banke,28.2,81.7333,32.57,69.22,2.9,11.59,0
Banke National Park,Banke,28.2,81.7333,21.08,44.84,2.2,9.56,0
Banke National Park,Banke,28.2,81.7333,23.5,35.01,3.19,15.85,0
Banke National Park,Banke,28.2,81.7333,15.26,42.56,6.12,7.08,0
Banke National Park,Banke,28.2,81.7333,38.57,41.7,10.09,14.16,0
Banke National Park,Banke,28.2,81.7333,29.62,42.36,13.39,15.44,0
Banke National Park,Banke,28.2,81.7333,21.84,26.9,17.23,18.49,0
Banke National Park,Banke,28.2,81.7333,26.68,79.84,9.03,11.36,0
Banke National Park,Banke,28.2,81.7333,38.85,46.51,3.75,5.13,0
Banke National Park,Banke,28.2,81.7333,37.3,81.69,8.68,4.81,0
Banke National Park,Banke,28.2,81.7333,17.02,24.55,4.27,16.49,0
Shuklaphanta National Park,Kanchanpur,28.8372,80.1519,23.82,86.36,4.19,4.14,0
Shuklaphanta National Park,Kanchanpur,28.8372,80.1519,31.81,61.7,0.5,8.72,0
Shuklaphanta National Park,Kanchanpur,28.8372,80.1519,21.26,30.51,10.55,19.56,0
Shuklaphanta National Park,Kanchanpur,28.8372,80.1519,26.2,67.03,8.77,13.39,0
Shuklaphanta National Park,Kanchanpur,28.8372,80.1519,30.54,74.08,9.38,7.78,0
Shuklaphanta National Park,Kanchanpur,28.8372,80.1519,33.16,73.2,13.97,14.91,0
Shuklaphanta National Park,Kanchanpur,28.8372,80.1519,18.89,57.09,4.2,16.73,0
Shuklaphanta National Park,Kanchanpur,28.8372,80.1519,29.43,38.37,2.46,7.93,0
Shuklaphanta National Park,Kanchanpur,28.8372,80.1519,25.64,89.55,17.8,3.08,0
Shuklaphanta National Park,Kanchanpur,28.8372,80.1519,24.5,73.55,7.19,14.39,0
Shuklaphanta National Park,Kanchanpur,28.8372,80.1519,38.32,75.77,2.51,1.25,0
Shuklaphanta National Park,Kanchanpur,28.8372,80.1519,31.83,54.08,7.69,11.14,0
Shuklaphanta National Park,Kanchanpur,28.8372,80.1519,33.26,41.22,19.74,7.03,0
Shuklaphanta National Park,Kanchanpur,28.8372,80.1519,19.43,82.55,6.86,13.7,0
Shuklaphanta National Park,Kanchanpur,28.8372,80.1519,24.02,24.75,7.0,16.05,0
Shuklaphanta National Park,Kanchanpur,28.8372,80.1519,17.36,31.79,3.26,17.95,0
Shuklaphanta National Park,Kanchanpur,28.8372,80.1519,22.71,74.78,5.46,13.28,0
Shuklaphanta National Park,Kanchanpur,28.8372,80.1519,35.32,73.42,9.65,3.78,0
Shuklaphanta National Park,Kanchanpur,28.8372,80.1519,23.7,79.88,19.38,16.06,0
Shuklaphanta National Park,Kanchanpur,28.8372,80.1519,20.81,56.56,0.06,16.16,0
Shuklaphanta National Park,Kanchanpur,28.8372,80.1519,17.56,49.3,10.77,11.8,0
Shuklaphanta National Park,Kanchanpur,28.8372,80.1519,30.65,29.34,6.95,6.23,0
Shuklaphanta National Park,Kanchanpur,28.8372,80.1519,34.33,43.75,16.98,9.04,0
Shuklaphanta National Park,Kanchanpur,28.8372,80.1519,15.71,42.07,15.83,17.67,0
Shuklaphanta National Park,Kanchanpur,28.8372,80.1519,29.32,37.92,5.68,9.57,0
Shuklaphanta National Park,Kanchanpur,28.8372,80.1519,38.22,78.41,17.46,8.83,0
Shuklaphanta National Park,Kanchanpur,28.8372,80.1519,29.84,48.15,12.98,18.13,0
Shuklaphanta National Park,Kanchanpur,28.8372,80.1519,16.4,38.84,14.85,17.21,0
Shuklaphanta National Park,Kanchanpur,28.8372,80.1519,35.42,85.62,1.74,13.81,0
Shuklaphanta National Park,Kanchanpur,28.8372,80.1519,21.34,48.86,14.12,19.86,0
Shuklaphanta National Park,Kanchanpur,28.8372,80.1519,29.9,47.39,18.04,8.6,0
Shuklaphanta National Park,Kanchanpur,28.8372,80.1519,36.59,59.52,5.65,13.1,0
Shuklaphanta National Park,Kanchanpur,28.8372,80.1519,15.33,23.55,15.85,14.1,0
Shuklaphanta National Park,Kanchanpur,28.8372,80.1519,27.58,28.51,9.74,0.66,0
Shuklaphanta National Park,Kanchanpur,28.8372,80.1519,33.5,82.36,14.83,11.93,0
Shuklaphanta National Park,Kanchanpur,28.8372,80.1519,16.4,37.23,11.29,7.63,0
Shuklaphanta National Park,Kanchanpur,28.8372,80.1519,36.99,31.61,7.41,0.03,0
Shuklaphanta National Park,Kanchanpur,28.8372,80.1519,32.35,84.07,7.81,18.69,0
Shuklaphanta National Park,Kanchanpur,28.8372,80.1519,33.25,48.24,7.22,4.64,0
Shuklaphanta National Park,Kanchanpur,28.8372,80.1519,15.9,43.28,19.3,5.41,0
Shuklaphanta National Park,Kanchanpur,28.8372,80.1519,22.73,43.34,13.54,8.27,0
Shuklaphanta National Park,Kanchanpur,28.8372,80.1519,33.6,87.49,3.42,9.09,0
Shuklaphanta National Park,Kanchanpur,28.8372,80.1519,20.17,23.06,5.37,5.0,0
Shuklaphanta National Park,Kanchanpur,28.8372,80.1519,16.11,58.42,14.77,3.98,0
Shuklaphanta National Park,Kanchanpur,28.8372,80.1519,16.51,23.08,17.04,12.88,0
Shuklaphanta National Park,Kanchanpur,28.8372,80.1519,35.96,86.53,16.86,5.17,0
Shuklaphanta National Park,Kanchanpur,28.8372,80.1519,39.76,53.11,15.75,1.28,0
Shuklaphanta National Park,Kanchanpur,28.8372,80.1519,17.41,81.43,0.9,14.66,0
Shuklaphanta National Park,Kanchanpur,28.8372,80.1519,39.4,85.31,6.69,16.6,0
Shuklaphanta National Park,Kanchanpur,28.8372,80.1519,28.25,79.65,15.64,17.35,0
Parsa National Park,Parsa,27.367,84.5036,28.39,58.45,18.41,0.0,0
Parsa National Park,Parsa,27.367,84.5036,26.43,78.54,9.32,5.75,0
Parsa National Park,Parsa,27.367,84.5036,23.79,72.11,19.55,14.49,0
Parsa National Park,Parsa,27.367,84.5036,29.5,84.94,3.72,17.49,0
Parsa National Park,Parsa,27.367,84.5036,35.08,67.93,19.0,17.98,0
Parsa National Park,Parsa,27.367,84.5036,36.08,50.95,16.42,19.81,0
Parsa National Park,Parsa,27.367,84.5036,18.77,87.61,17.11,15.38,0
Parsa National Park,Parsa,27.367,84.5036,33.02,62.01,12.28,17.86,0
Parsa National Park,Parsa,27.367,84.5036,34.12,80.44,9.61,6.16,0
Parsa National Park,Parsa,27.367,84.5036,23.31,30.05,10.88,0.03,0
Parsa National Park,Parsa,27.367,84.5036,36.76,78.79,6.66,18.27,0
Parsa National Park,Parsa,27.367,84.5036,38.79,86.43,12.96,10.18,0
Parsa National Park,Parsa,27.367,84.5036,24.65,77.04,5.28,7.75,0
Parsa National Park,Parsa,27.367,84.5036,31.98,46.41,11.86,16.17,0
Parsa National Park,Parsa,27.367,84.5036,25.43,54.13,0.2,0.6,0
Parsa National Park,Parsa,27.367,84.5036,38.38,85.98,0.91,12.48,0
Parsa National Park,Parsa,27.367,84.5036,30.48,42.2,16.82,4.42,0
Parsa National Park,Parsa,27.367,84.5036,19.37,79.6,10.44,2.77,0
Parsa National Park,Parsa,27.367,84.5036,36.05,58.3,8.01,0.6,0
Parsa National Park,Parsa,27.367,84.5036,34.72,28.4,11.93,9.8,0
Parsa National Park,Parsa,27.367,84.5036,22.32,70.92,4.67,6.37,0
Parsa National Park,Parsa,27.367,84.5036,28.13,76.4,3.67,13.55,0
Parsa National Park,Parsa,27.367,84.5036,34.36,80.67,9.67,13.25,0
Parsa National Park,Parsa,27.367,84.5036,32.38,85.4,5.39,15.66,0
Parsa National Park,Parsa,27.367,84.5036,20.35,82.36,8.94,19.67,0
Parsa National Park,Parsa,27.367,84.5036,32.88,47.53,10.58,19.19,0
Parsa National Park,Parsa,27.367,84.5036,24.19,63.2,19.18,9.06,0
Parsa National Park,Parsa,27.367,84.5036,35.02,61.59,8.43,0.58,0
Parsa National Park,Parsa,27.367,84.5036,31.49,37.85,3.31,5.33,1
Parsa National Park,Parsa,27.367,84.5036,32.09,34.09,5.23,18.44,0
Parsa National Park,Parsa,27.367,84.5036,39.46,78.48,6.52,15.78,0
Parsa National Park,Parsa,27.367,84.5036,26.38,27.82,17.79,4.91,0
Parsa National Park,Parsa,27.367,84.5036,35.1,46.94,15.67,18.4,0
Parsa National Park,Parsa,27.367,84.5036,38.86,85.12,9.41,7.35,0
Parsa National Park,Parsa,27.367,84.5036,28.02,31.55,3.56,7.91,0
Parsa National Park,Parsa,27.367,84.5036,23.43,50.79,8.57,17.52,0
Parsa National Park,Parsa,27.367,84.5036,18.73,67.32,15.3,3.32,0
Parsa National Park,Parsa,27.367,84.5036,29.74,22.28,0.08,5.54,0
Parsa National Park,Parsa,27.367,84.5036,39.56,61.62,8.64,1.82,0
Parsa National Park,Parsa,27.367,84.5036,34.84,76.89,17.89,15.64,0
Parsa National Park,Parsa,27.367,84.5036,39.56,30.96,12.27,8.71,0
Parsa National Park,Parsa,27.367,84.5036,21.91,79.09,0.48,6.13,0
Parsa National Park,Parsa,27.367,84.5036,37.74,39.49,10.84,4.68,0
Parsa National Park,Parsa,27.367,84.5036,32.79,36.37,16.47,10.35,0
Parsa National Park,Parsa,27.367,84.5036,25.65,83.26,3.85,0.15,0
Parsa National Park,Parsa,27.367,84.5036,36.23,79.33,3.16,17.28,0
Parsa National Park,Parsa,27.367,84.5036,16.85,52.62,12.29,8.45,0
Parsa National Park,Parsa,27.367,84.5036,16.78,58.14,8.64,18.01,0
Parsa National Park,Parsa,27.367,84.5036,23.32,51.33,9.43,13.29,0
Parsa National Park,Parsa,27.367,84.5036,35.45,27.0,19.69,5.22,0
Shivapuri Nagarjun National Park,Kathmandu,27.8333,85.3333,23.38,80.7,18.09,13.41,0
Shivapuri Nagarjun National Park,Kathmandu,27.8333,85.3333,31.35,22.85,9.52,6.09,0
Shivapuri Nagarjun National Park,Kathmandu,27.8333,85.3333,22.7,25.16,5.47,11.47,0
Shivapuri Nagarjun National Park,Kathmandu,27.8333,85.3333,33.3,49.41,17.64,16.75,0
Shivapuri Nagarjun National Park,Kathmandu,27.8333,85.3333,21.32,66.45,13.03,12.75,0
Shivapuri Nagarjun National Park,Kathmandu,27.8333,85.3333,19.79,67.95,13.64,10.92,0
Shivapuri Nagarjun National Park,Kathmandu,27.8333,85.3333,36.48,79.95,7.55,9.42,0
Shivapuri Nagarjun National Park,Kathmandu,27.8333,85.3333,28.13,76.25,17.03,1.95,0
Shivapuri Nagarjun National Park,Kathmandu,27.8333,85.3333,28.94,56.0,14.97,0.49,0
Shivapuri Nagarjun National Park,Kathmandu,27.8333,85.3333,36.55,89.42,12.47,13.22,0
Shivapuri Nagarjun National Park,Kathmandu,27.8333,85.3333,15.73,36.69,16.06,9.01,0
Shivapuri Nagarjun National Park,Kathmandu,27.8333,85.3333,39.4,41.72,10.69,7.59,0
Shivapuri Nagarjun National Park,Kathmandu,27.8333,85.3333,39.64,34.78,4.03,13.93,1
Shivapuri Nagarjun National Park,Kathmandu,27.8333,85.3333,38.07,30.72,5.0,7.07,0
Shivapuri Nagarjun National Park,Kathmandu,27.8333,85.3333,38.74,55.95,7.93,5.69,0
Shivapuri Nagarjun National Park,Kathmandu,27.8333,85.3333,39.59,89.45,8.62,4.74,0
Shivapuri Nagarjun National Park,Kathmandu,27.8333,85.3333,19.87,33.34,9.51,14.83,0
Shivapuri Nagarjun National Park,Kathmandu,27.8333,85.3333,17.46,86.54,4.48,12.99,0
Shivapuri Nagarjun National Park,Kathmandu,27.8333,85.3333,35.01,47.84,2.57,11.75,0
Shivapuri Nagarjun National Park,Kathmandu,27.8333,85.3333,24.58,67.77,0.59,15.75,0
Shivapuri Nagarjun National Park,Kathmandu,27.8333,85.3333,33.3,45.21,9.38,2.74,0
Shivapuri Nagarjun National Park,Kathmandu,27.8333,85.3333,36.87,87.07,16.72,13.2,0
Shivapuri Nagarjun National Park,Kathmandu,27.8333,85.3333,30.81,75.13,14.5,4.26,0
Shivapuri Nagarjun National Park,Kathmandu,27.8333,85.3333,17.48,63.38,5.61,15.16,0
Shivapuri Nagarjun National Park,Kathmandu,27.8333,85.3333,33.13,44.78,14.18,11.27,0
Shivapuri Nagarjun National Park,Kathmandu,27.8333,85.3333,15.7,25.12,12.43,16.78,0
Shivapuri Nagarjun National Park,Kathmandu,27.8333,85.3333,33.59,23.08,4.81,17.8,1
Shivapuri Nagarjun National Park,Kathmandu,27.8333,85.3333,32.46,40.71,9.96,10.72,0
Shivapuri Nagarjun National Park,Kathmandu,27.8333,85.3333,24.64,28.63,13.4,18.79,0
Shivapuri Nagarjun National Park,Kathmandu,27.8333,85.3333,17.06,32.38,5.48,10.34,0
Shivapuri Nagarjun National Park,Kathmandu,27.8333,85.3333,31.79,67.71,11.69,9.76,0
Shivapuri Nagarjun National Park,Kathmandu,27.8333,85.3333,24.49,79.12,4.62,4.54,0
Shivapuri Nagarjun National Park,Kathmandu,27.8333,85.3333,20.99,74.1,9.58,7.03,0
Shivapuri Nagarjun National Park,Kathmandu,27.8333,85.3333,21.48,66.69,19.38,12.9,0
Shivapuri Nagarjun National Park,Kathmandu,27.8333,85.3333,15.73,62.17,8.95,11.15,0
Shivapuri Nagarjun National Park,Kathmandu,27.8333,85.3333,32.64,47.95,0.24,5.31,0
Shivapuri Nagarjun National Park,Kathmandu,27.8333,85.3333,32.74,83.59,5.47,6.59,0
Shivapuri Nagarjun National Park,Kathmandu,27.8333,85.3333,27.11,31.42,11.66,3.41,0
Shivapuri Nagarjun National Park,Kathmandu,27.8333,85.3333,39.38,43.31,10.1,3.97,0
Shivapuri Nagarjun National Park,Kathmandu,27.8333,85.3333,20.3,53.97,11.9,9.14,0
Shivapuri Nagarjun National Park,Kathmandu,27.8333,85.3333,15.31,68.7,19.44,11.66,0
Shivapuri Nagarjun National Park,Kathmandu,27.8333,85.3333,24.93,52.41,16.63,18.1,0
Shivapuri Nagarjun National Park,Kathmandu,27.8333,85.3333,17.16,42.98,15.92,16.07,0
Shivapuri Nagarjun National Park,Kathmandu,27.8333,85.3333,31.98,68.6,5.9,15.15,0
Shivapuri Nagarjun National Park,Kathmandu,27.8333,85.3333,23.3,44.0,9.6,18.81,0
Shivapuri Nagarjun National Park,Kathmandu,27.8333,85.3333,15.32,66.32,7.48,6.99,0
Shivapuri Nagarjun National Park,Kathmandu,27.8333,85.3333,34.04,64.72,7.5,19.76,0
Shivapuri Nagarjun National Park,Kathmandu,27.8333,85.3333,32.33,83.75,4.05,8.71,0
Shivapuri Nagarjun National Park,Kathmandu,27.8333,85.3333,20.08,60.73,18.77,19.07,0
Shivapuri Nagarjun National Park,Kathmandu,27.8333,85.3333,17.74,74.21,10.63,18.85,0
Langtang National Park,Rasuwa,28.25,85.75,26.92,82.14,6.57,11.43,0
Langtang National Park,Rasuwa,28.25,85.75,23.35,32.76,18.74,18.83,0
Langtang National Park,Rasuwa,28.25,85.75,20.84,81.39,7.18,8.37,0
Langtang National Park,Rasuwa,28.25,85.75,21.45,55.07,15.56,4.56,0
Langtang National Park,Rasuwa,28.25,85.75,31.33,32.42,0.02,4.07,1
Langtang National Park,Rasuwa,28.25,85.75,38.54,29.63,17.98,1.0,0
Langtang National Park,Rasuwa,28.25,85.75,25.93,41.29,5.63,12.07,0
Langtang National Park,Rasuwa,28.25,85.75,39.83,62.98,7.11,12.99,0
Langtang National Park,Rasuwa,28.25,85.75,31.36,56.78,9.33,18.62,0
Langtang National Park,Rasuwa,28.25,85.75,39.3,24.49,15.08,3.3,0
Langtang National Park,Rasuwa,28.25,85.75,35.3,28.65,1.81,0.67,1
Langtang National Park,Rasuwa,28.25,85.75,30.5,39.67,0.45,18.8,1
Langtang National Park,Rasuwa,28.25,85.75,38.7,62.19,12.43,19.55,0
Langtang National Park,Rasuwa,28.25,85.75,39.38,29.17,2.42,1.39,1
Langtang National Park,Rasuwa,28.25,85.75,27.46,87.59,16.15,0.33,0
Langtang National Park,Rasuwa,28.25,85.75,26.9,56.62,6.75,15.87,0
Langtang National Park,Rasuwa,28.25,85.75,32.97,33.98,1.29,19.74,1
Langtang National Park,Rasuwa,28.25,85.75,16.02,55.23,4.11,7.23,0
Langtang National Park,Rasuwa,28.25,85.75,23.27,45.53,19.06,5.25,0
Langtang National Park,Rasuwa,28.25,85.75,33.94,79.48,4.65,3.85,0
Langtang National Park,Rasuwa,28.25,85.75,16.06,69.88,8.95,15.39,0
Langtang National Park,Rasuwa,28.25,85.75,21.93,52.84,16.69,6.46,0
Langtang National Park,Rasuwa,28.25,85.75,16.57,40.18,3.33,18.35,0
Langtang National Park,Rasuwa,28.25,85.75,32.99,44.77,14.25,8.39,0
Langtang National Park,Rasuwa,28.25,85.75,38.89,65.61,3.12,4.37,0
Langtang National Park,Rasuwa,28.25,85.75,37.53,59.07,8.02,8.62,0
Langtang National Park,Rasuwa,28.25,85.75,21.41,77.6,3.5,18.7,0
Langtang National Park,Rasuwa,28.25,85.75,29.85,64.15,14.94,17.21,0
Langtang National Park,Rasuwa,28.25,85.75,23.42,89.86,17.69,0.16,0
Langtang National Park,Rasuwa,28.25,85.75,25.25,69.96,18.32,19.28,0
Langtang National Park,Rasuwa,28.25,85.75,33.35,70.54,18.77,5.38,0
Langtang National Park,Rasuwa,28.25,85.75,18.03,65.41,12.27,6.34,0
Langtang National Park,Rasuwa,28.25,85.75,31.87,74.92,19.67,2.61,0
Langtang National Park,Rasuwa,28.25,85.75,19.95,79.88,10.62,11.54,0
Langtang National Park,Rasuwa,28.25,85.75,27.61,67.24,8.65,19.36,0
Langtang National Park,Rasuwa,28.25,85.75,28.06,37.48,12.64,0.6,0
Langtang National Park,Rasuwa,28.25,85.75,24.65,43.18,13.6,6.63,0
Langtang National Park,Rasuwa,28.25,85.75,39.06,73.67,14.42,18.24,0
Langtang National Park,Rasuwa,28.25,85.75,24.55,71.86,16.47,17.71,0
Langtang National Park,Rasuwa,28.25,85.75,24.32,76.43,11.14,0.11,0
Langtang National Park,Rasuwa,28.25,85.75,18.29,86.58,14.43,7.34,0
Langtang National Park,Rasuwa,28.25,85.75,22.4,35.63,16.23,10.91,0
Langtang National Park,Rasuwa,28.25,85.75,25.24,54.88,8.09,18.31,0
Langtang National Park,Rasuwa,28.25,85.75,21.29,80.64,17.76,9.02,0
Langtang National Park,Rasuwa,28.25,85.75,23.85,42.89,8.01,11.41,0
Langtang National Park,Rasuwa,28.25,85.75,25.16,57.37,7.5,1.3,0
Langtang National Park,Rasuwa,28.25,85.75,33.46,20.2,6.99,2.99,0
Langtang National Park,Rasuwa,28.25,85.75,34.51,65.5,7.34,2.69,0
Langtang National Park,Rasuwa,28.25,85.75,30.23,67.22,18.63,19.55,0
Langtang National Park,Rasuwa,28.25,85.75,37.02,52.56,2.42,19.78,0
Makalu Barun National Park,Sankhuwasabha,27.667,87.25,21.14,85.69,7.78,11.72,0
Makalu Barun National Park,Sankhuwasabha,27.667,87.25,20.76,31.09,11.25,2.88,0
Makalu Barun National Park,Sankhuwasabha,27.667,87.25,15.52,44.77,10.82,0.63,0
Makalu Barun National Park,Sankhuwasabha,27.667,87.25,22.25,58.76,16.46,19.23,0
Makalu Barun National Park,Sankhuwasabha,27.667,87.25,33.72,29.77,6.26,10.68,0
Makalu Barun National Park,Sankhuwasabha,27.667,87.25,37.36,89.91,0.11,16.59,0
Makalu Barun National Park,Sankhuwasabha,27.667,87.25,18.97,85.35,0.74,9.24,0
Makalu Barun National Park,Sankhuwasabha,27.667,87.25,27.31,26.42,14.54,13.19,0
Makalu Barun National Park,Sankhuwasabha,27.667,87.25,32.02,26.49,6.65,1.36,0
Makalu Barun National Park,Sankhuwasabha,27.667,87.25,30.55,56.95,8.6,14.39,0
Makalu Barun National Park,Sankhuwasabha,27.667,87.25,19.47,76.51,19.62,16.08,0
Makalu Barun National Park,Sankhuwasabha,27.667,87.25,27.09,37.78,12.13,14.26,0
Makalu Barun National Park,Sankhuwasabha,27.667,87.25,39.21,23.87,7.65,3.46,0
Makalu Barun National Park,Sankhuwasabha,27.667,87.25,20.81,32.7,13.26,3.04,0
Makalu Barun National Park,Sankhuwasabha,27.667,87.25,23.5,84.65,1.99,18.2,0
Makalu Barun National Park,Sankhuwasabha,27.667,87.25,17.27,32.22,1.67,14.91,0
Makalu Barun National Park,Sankhuwasabha,27.667,87.25,38.21,58.38,5.23,14.6,0
Makalu Barun National Park,Sankhuwasabha,27.667,87.25,23.37,22.08,16.74,13.96,0
Makalu Barun National Park,Sankhuwasabha,27.667,87.25,21.71,56.99,15.02,19.11,0
Makalu Barun National Park,Sankhuwasabha,27.667,87.25,18.2,58.89,3.01,13.86,0
Makalu Barun National Park,Sankhuwasabha,27.667,87.25,17.75,28.92,9.28,6.87,0
Makalu Barun National Park,Sankhuwasabha,27.667,87.25,21.25,82.43,1.0,10.03,0
Makalu Barun National Park,Sankhuwasabha,27.667,87.25,38.58,20.02,4.81,7.32,1
Makalu Barun National Park,Sankhuwasabha,27.667,87.25,34.25,82.73,11.54,8.6,0
Makalu Barun National Park,Sankhuwasabha,27.667,87.25,30.73,70.56,2.73,2.24,0
Makalu Barun National Park,Sankhuwasabha,27.667,87.25,29.76,70.02,1.27,12.66,0
Makalu Barun National Park,Sankhuwasabha,27.667,87.25,21.98,63.59,6.0,5.04,0
Makalu Barun National Park,Sankhuwasabha,27.667,87.25,35.38,55.58,4.37,17.38,0
Makalu Barun National Park,Sankhuwasabha,27.667,87.25,24.19,87.85,4.56,0.71,0
Makalu Barun National Park,Sankhuwasabha,27.667,87.25,16.01,45.03,5.68,1.95,0
Makalu Barun National Park,Sankhuwasabha,27.667,87.25,29.74,48.08,14.44,15.79,0
Makalu Barun National Park,Sankhuwasabha,27.667,87.25,20.65,41.79,5.1,4.34,0
Makalu Barun National Park,Sankhuwasabha,27.667,87.25,39.82,42.69,0.39,11.19,0
Makalu Barun National Park,Sankhuwasabha,27.667,87.25,30.95,56.06,13.84,19.75,0
Makalu Barun National Park,Sankhuwasabha,27.667,87.25,36.49,24.59,10.55,18.21,0
Makalu Barun National Park,Sankhuwasabha,27.667,87.25,27.09,67.19,13.59,5.05,0
Makalu Barun National Park,Sankhuwasabha,27.667,87.25,34.57,54.94,2.88,12.66,0
Makalu Barun National Park,Sankhuwasabha,27.667,87.25,33.03,82.3,1.46,0.79,0
Makalu Barun National Park,Sankhuwasabha,27.667,87.25,28.87,53.92,14.76,10.1,0
Makalu Barun National Park,Sankhuwasabha,27.667,87.25,37.64,42.85,17.58,7.26,0
Makalu Barun National Park,Sankhuwasabha,27.667,87.25,27.49,38.01,18.97,17.04,0
Makalu Barun National Park,Sankhuwasabha,27.667,87.25,17.19,75.42,6.18,0.65,0
Makalu Barun National Park,Sankhuwasabha,27.667,87.25,16.14,45.58,4.7,12.3,0
Makalu Barun National Park,Sankhuwasabha,27.667,87.25,27.55,25.83,19.77,1.55,0
Makalu Barun National Park,Sankhuwasabha,27.667,87.25,32.79,36.76,13.63,5.46,0
Makalu Barun National Park,Sankhuwasabha,27.667,87.25,21.23,86.1,18.54,13.13,0
Makalu Barun National Park,Sankhuwasabha,27.667,87.25,32.53,24.88,13.37,15.1,0
Makalu Barun National Park,Sankhuwasabha,27.667,87.25,15.3,61.33,15.21,11.23,0
Makalu Barun National Park,Sankhuwasabha,27.667,87.25,34.37,27.53,1.41,18.15,1
Makalu Barun National Park,Sankhuwasabha,27.667,87.25,34.28,66.45,15.87,0.55,0
Sagarmatha National Park,Solukhumbu,27.9333,86.7333,21.93,70.34,7.89,1.54,0
Sagarmatha National Park,Solukhumbu,27.9333,86.7333,36.88,69.99,1.71,11.36,0
Sagarmatha National Park,Solukhumbu,27.9333,86.7333,18.18,29.65,10.58,6.01,0
Sagarmatha National Park,Solukhumbu,27.9333,86.7333,29.66,89.64,17.25,0.48,0
Sagarmatha National Park,Solukhumbu,27.9333,86.7333,39.94,25.41,12.37,3.89,0
Sagarmatha National Park,Solukhumbu,27.9333,86.7333,22.0,26.47,13.66,1.47,0
Sagarmatha National Park,Solukhumbu,27.9333,86.7333,25.03,27.14,6.65,14.78,0
Sagarmatha National Park,Solukhumbu,27.9333,86.7333,21.27,86.26,14.65,12.32,0
Sagarmatha National Park,Solukhumbu,27.9333,86.7333,19.42,34.46,6.25,8.85,0
Sagarmatha National Park,Solukhumbu,27.9333,86.7333,19.8,20.9,7.87,9.53,0
Sagarmatha National Park,Solukhumbu,27.9333,86.7333,17.89,84.26,3.58,8.96,0
Sagarmatha National Park,Solukhumbu,27.9333,86.7333,31.49,25.95,13.65,1.97,0
Sagarmatha National Park,Solukhumbu,27.9333,86.7333,15.31,87.8,2.52,19.77,0
Sagarmatha National Park,Solukhumbu,27.9333,86.7333,32.8,24.02,17.63,9.29,0
Sagarmatha National Park,Solukhumbu,27.9333,86.7333,37.63,88.97,5.52,11.8,0
Sagarmatha National Park,Solukhumbu,27.9333,86.7333,28.84,61.96,12.03,4.61,0
Sagarmatha National Park,Solukhumbu,27.9333,86.7333,19.63,49.22,0.69,17.02,0
Sagarmatha National Park,Solukhumbu,27.9333,86.7333,15.43,39.92,0.36,9.06,0
Sagarmatha National Park,Solukhumbu,27.9333,86.7333,25.61,71.4,3.16,13.01,0
Sagarmatha National Park,Solukhumbu,27.9333,86.7333,25.98,35.86,11.41,0.07,0
Sagarmatha National Park,Solukhumbu,27.9333,86.7333,16.06,56.78,2.11,14.48,0
Sagarmatha National Park,Solukhumbu,27.9333,86.7333,39.17,75.59,17.54,8.27,0
Sagarmatha National Park,Solukhumbu,27.9333,86.7333,25.72,70.97,19.89,8.26,0
Sagarmatha National Park,Solukhumbu,27.9333,86.7333,25.01,82.12,8.38,0.54,0
Sagarmatha National Park,Solukhumbu,27.9333,86.7333,30.17,64.76,19.56,0.42,0
Sagarmatha National Park,Solukhumbu,27.9333,86.7333,17.25,53.33,2.13,19.0,0
Sagarmatha National Park,Solukhumbu,27.9333,86.7333,21.96,60.63,7.97,16.56,0
Sagarmatha National Park,Solukhumbu,27.9333,86.7333,18.8,63.53,12.37,5.7,0
Sagarmatha National Park,Solukhumbu,27.9333,86.7333,26.44,87.33,11.55,0.7,0
Sagarmatha National Park,Solukhumbu,27.9333,86.7333,29.65,49.53,1.3,17.01,0
Sagarmatha National Park,Solukhumbu,27.9333,86.7333,18.59,27.03,5.48,19.67,0
Sagarmatha National Park,Solukhumbu,27.9333,86.7333,37.81,41.72,11.73,15.58,0
Sagarmatha National Park,Solukhumbu,27.9333,86.7333,35.11,75.04,2.44,2.99,0
Sagarmatha National Park,Solukhumbu,27.9333,86.7333,37.92,76.26,2.14,11.43,0
Sagarmatha National Park,Solukhumbu,27.9333,86.7333,20.35,30.78,0.52,9.88,0
Sagarmatha National Park,Solukhumbu,27.9333,86.7333,35.24,30.15,7.12,0.65,0
Sagarmatha National Park,Solukhumbu,27.9333,86.7333,32.83,67.76,18.24,12.53,0
Sagarmatha National Park,Solukhumbu,27.9333,86.7333,15.88,89.03,15.87,14.42,0
Sagarmatha National Park,Solukhumbu,27.9333,86.7333,27.11,31.4,11.75,15.56,0
Sagarmatha National Park,Solukhumbu,27.9333,86.7333,35.88,57.92,5.41,0.11,0
Sagarmatha National Park,Solukhumbu,27.9333,86.7333,27.52,78.04,15.17,16.0,0
Sagarmatha National Park,Solukhumbu,27.9333,86.7333,38.69,61.35,14.33,8.33,0
Sagarmatha National Park,Solukhumbu,27.9333,86.7333,29.17,68.15,14.99,14.4,0
Sagarmatha National Park,Solukhumbu,27.9333,86.7333,39.07,27.49,6.86,12.48,0
Sagarmatha National Park,Solukhumbu,27.9333,86.7333,24.66,22.51,11.03,2.0,0
Sagarmatha National Park,Solukhumbu,27.9333,86.7333,24.67,54.16,2.83,15.07,0
Sagarmatha National Park,Solukhumbu,27.9333,86.7333,15.44,62.87,9.01,17.81,0
Sagarmatha National Park,Solukhumbu,27.9333,86.7333,25.01,86.48,3.99,14.01,0
Sagarmatha National Park,Solukhumbu,27.9333,86.7333,39.68,74.25,8.19,5.73,0
Sagarmatha National Park,Solukhumbu,27.9333,86.7333,32.16,79.28,3.7,7.26,0
Rara National Park,Mugu,29.5,82.0833,17.86,89.35,6.61,19.6,0
Rara National Park,Mugu,29.5,82.0833,32.11,62.37,1.5,7.11,0
Rara National Park,Mugu,29.5,82.0833,38.34,54.0,5.58,0.71,0
Rara National Park,Mugu,29.5,82.0833,29.02,41.69,0.43,0.49,0
Rara National Park,Mugu,29.5,82.0833,26.94,59.57,15.26,9.02,0
Rara National Park,Mugu,29.5,82.0833,26.65,50.6,3.14,15.86,0
Rara National Park,Mugu,29.5,82.0833,39.46,67.35,0.21,7.5,0
Rara National Park,Mugu,29.5,82.0833,36.96,34.13,12.41,16.16,0
Rara National Park,Mugu,29.5,82.0833,17.47,43.93,17.97,7.85,0
Rara National Park,Mugu,29.5,82.0833,35.33,26.74,12.06,12.3,0
Rara National Park,Mugu,29.5,82.0833,24.69,72.49,9.51,5.03,0
Rara National Park,Mugu,29.5,82.0833,27.97,68.64,14.65,8.42,0
Rara National Park,Mugu,29.5,82.0833,35.98,80.97,14.33,17.18,0
Rara National Park,Mugu,29.5,82.0833,34.51,62.67,0.76,15.64,0
Rara National Park,Mugu,29.5,82.0833,23.34,40.81,9.25,7.43,0
Rara National Park,Mugu,29.5,82.0833,30.22,24.62,13.18,0.81,0
Rara National Park,Mugu,29.5,82.0833,30.05,74.28,1.76,16.96,0
Rara National Park,Mugu,29.5,82.0833,34.41,60.9,17.97,1.57,0
Rara National Park,Mugu,29.5,82.0833,28.77,50.97,6.69,6.08,0
Rara National Park,Mugu,29.5,82.0833,24.89,64.39,17.91,13.72,0
Rara National Park,Mugu,29.5,82.0833,38.34,88.21,16.43,14.29,0
Rara National Park,Mugu,29.5,82.0833,30.01,81.8,11.64,2.66,0
Rara National Park,Mugu,29.5,82.0833,22.83,49.31,3.97,9.16,0
Rara National Park,Mugu,29.5,82.0833,32.06,80.82,4.46,16.74,0
Rara National Park,Mugu,29.5,82.0833,29.8,36.35,3.04,7.54,0
Rara National Park,Mugu,29.5,82.0833,33.68,57.41,9.44,14.94,0
Rara National Park,Mugu,29.5,82.0833,35.23,30.86,16.7,19.45,0
Rara National Park,Mugu,29.5,82.0833,36.25,41.52,5.82,8.31,0
Rara National Park,Mugu,29.5,82.0833,19.75,79.67,12.46,11.97,0
Rara National Park,Mugu,29.5,82.0833,15.06,89.54,3.66,4.72,0
Rara National Park,Mugu,29.5,82.0833,31.84,88.41,10.05,16.32,0
Rara National Park,Mugu,29.5,82.0833,17.94,52.93,5.69,11.93,0
Rara National Park,Mugu,29.5,82.0833,35.51,81.98,6.19,17.16,0
Rara National Park,Mugu,29.5,82.0833,16.62,22.94,4.11,2.33,0
Rara National Park,Mugu,29.5,82.0833,16.27,59.37,19.75,4.14,0
Rara National Park,Mugu,29.5,82.0833,16.79,61.97,10.6,3.58,0
Rara National Park,Mugu,29.5,82.0833,32.33,61.04,10.4,17.42,0
Rara National Park,Mugu,29.5,82.0833,19.68,27.62,16.04,10.72,0
Rara National Park,Mugu,29.5,82.0833,27.32,76.55,7.91,1.57,0
Rara National Park,Mugu,29.5,82.0833,17.55,89.8,17.53,2.77,0
Rara National Park,Mugu,29.5,82.0833,23.63,48.77,2.93,7.93,0
Rara National Park,Mugu,29.5,82.0833,16.6,67.92,13.9,10.69,0
Rara National Park,Mugu,29.5,82.0833,22.66,77.63,4.41,2.24,0
Rara National Park,Mugu,29.5,82.0833,29.6,60.49,1.33,8.56,0
Rara National Park,Mugu,29.5,82.0833,22.46,29.71,15.28,16.89,0
Rara National Park,Mugu,29.5,82.0833,18.69,31.22,11.45,4.59,0
Rara National Park,Mugu,29.5,82.0833,25.75,27.06,15.41,17.44,0
Rara National Park,Mugu,29.5,82.0833,20.09,72.77,17.45,13.51,0
Rara National Park,Mugu,29.5,82.0833,36.26,62.45,19.19,2.26,0
Rara National Park,Mugu,29.5,82.0833,28.37,29.99,17.88,18.72,0
Khaptad National Park,Bajhang,29.2833,81.1333,32.59,65.88,2.82,4.18,0
Khaptad National Park,Bajhang,29.2833,81.1333,38.52,60.33,16.31,0.28,0
Khaptad National Park,Bajhang,29.2833,81.1333,25.71,70.54,2.63,3.69,0
Khaptad National Park,Bajhang,29.2833,81.1333,23.58,78.19,9.98,12.76,0
Khaptad National Park,Bajhang,29.2833,81.1333,15.94,55.51,10.6,10.14,0
Khaptad National Park,Bajhang,29.2833,81.1333,37.31,85.05,12.86,18.99,0
Khaptad National Park,Bajhang,29.2833,81.1333,24.47,57.99,8.71,4.21,0
Khaptad National Park,Bajhang,29.2833,81.1333,28.29,39.36,14.87,19.96,0
Khaptad National Park,Bajhang,29.2833,81.1333,17.19,72.64,6.67,2.35,0
Khaptad National Park,Bajhang,29.2833,81.1333,17.8,34.82,3.3,7.08,0
Khaptad National Park,Bajhang,29.2833,81.1333,34.06,87.62,6.06,9.67,0
Khaptad National Park,Bajhang,29.2833,81.1333,21.56,45.24,10.54,17.88,0
Khaptad National Park,Bajhang,29.2833,81.1333,21.41,78.67,9.2,4.34,0
Khaptad National Park,Bajhang,29.2833,81.1333,25.92,25.95,13.89,1.1,0
Khaptad National Park,Bajhang,29.2833,81.1333,27.84,33.31,18.67,17.41,0
Khaptad National Park,Bajhang,29.2833,81.1333,36.26,67.94,12.19,3.24,0
Khaptad National Park,Bajhang,29.2833,81.1333,21.82,41.25,17.05,0.17,0
Khaptad National Park,Bajhang,29.2833,81.1333,29.18,69.95,7.13,3.67,0
Khaptad National Park,Bajhang,29.2833,81.1333,23.82,72.77,12.09,3.66,0
Khaptad National Park,Bajhang,29.2833,81.1333,20.95,42.45,10.35,14.37,0
Khaptad National Park,Bajhang,29.2833,81.1333,30.71,24.27,14.49,18.73,0
Khaptad National Park,Bajhang,29.2833,81.1333,31.53,49.07,18.76,4.07,0
Khaptad National Park,Bajhang,29.2833,81.1333,15.77,77.84,1.43,16.15,0
Khaptad National Park,Bajhang,29.2833,81.1333,36.89,38.92,9.8,18.86,0
Khaptad National Park,Bajhang,29.2833,81.1333,32.92,39.08,13.17,5.33,0
Khaptad National Park,Bajhang,29.2833,81.1333,34.88,31.29,10.38,5.83,0
Khaptad National Park,Bajhang,29.2833,81.1333,38.88,70.76,1.63,6.52,0
Khaptad National Park,Bajhang,29.2833,81.1333,30.15,48.84,6.02,9.14,0
Khaptad National Park,Bajhang,29.2833,81.1333,20.35,46.89,12.8,19.64,0
Khaptad National Park,Bajhang,29.2833,81.1333,35.02,21.8,4.96,12.16,1
Khaptad National Park,Bajhang,29.2833,81.1333,28.47,78.42,7.06,13.66,0
Khaptad National Park,Bajhang,29.2833,81.1333,29.46,56.2,15.56,6.83,0
Khaptad National Park,Bajhang,29.2833,81.1333,40.0,53.91,2.89,4.52,0
Khaptad National Park,Bajhang,29.2833,81.1333,38.28,43.39,14.21,7.84,0
Khaptad National Park,Bajhang,29.2833,81.1333,39.9,38.4,5.04,11.42,0
Khaptad National Park,Bajhang,29.2833,81.1333,39.67,43.84,17.53,5.27,0
Khaptad National Park,Bajhang,29.2833,81.1333,15.12,72.98,15.88,0.62,0
Khaptad National Park,Bajhang,29.2833,81.1333,26.86,60.26,4.97,15.1,0
Khaptad National Park,Bajhang,29.2833,81.1333,21.8,59.81,0.71,17.61,0
Khaptad National Park,Bajhang,29.2833,81.1333,36.95,31.22,17.42,1.2,0
Khaptad National Park,Bajhang,29.2833,81.1333,22.47,56.36,7.12,6.45,0
Khaptad National Park,Bajhang,29.2833,81.1333,20.1,56.59,18.01,11.66,0
Khaptad National Park,Bajhang,29.2833,81.1333,34.6,88.86,7.74,10.45,0
Khaptad National Park,Bajhang,29.2833,81.1333,22.43,74.73,16.47,4.39,0
Khaptad National Park,Bajhang,29.2833,81.1333,28.63,23.78,9.61,15.62,0
Khaptad National Park,Bajhang,29.2833,81.1333,20.27,76.03,3.68,17.77,0
Khaptad National Park,Bajhang,29.2833,81.1333,38.9,57.44,9.58,5.27,0
Khaptad National Park,Bajhang,29.2833,81.1333,30.99,58.06,14.23,0.89,0
Khaptad National Park,Bajhang,29.2833,81.1333,38.41,48.16,6.31,1.84,0
Khaptad National Park,Bajhang,29.2833,81.1333,30.5,59.01,5.05,19.67,0
Shey Phoksundo National Park,Dolpa,29.3333,82.95,23.86,60.33,17.34,15.86,0
Shey Phoksundo National Park,Dolpa,29.3333,82.95,18.67,87.93,14.99,2.37,0
Shey Phoksundo National Park,Dolpa,29.3333,82.95,35.32,55.25,11.71,15.93,0
Shey Phoksundo National Park,Dolpa,29.3333,82.95,39.77,30.16,8.32,10.38,0
Shey Phoksundo National Park,Dolpa,29.3333,82.95,27.55,23.48,5.34,18.42,0
Shey Phoksundo National Park,Dolpa,29.3333,82.95,23.14,33.7,19.6,19.9,0
Shey Phoksundo National Park,Dolpa,29.3333,82.95,23.3,83.41,2.59,3.48,0
Shey Phoksundo National Park,Dolpa,29.3333,82.95,36.04,40.93,1.31,0.2,0
Shey Phoksundo National Park,Dolpa,29.3333,82.95,21.44,51.06,12.17,11.95,0
Shey Phoksundo National Park,Dolpa,29.3333,82.95,18.45,79.8,9.45,11.39,0
Shey Phoksundo National Park,Dolpa,29.3333,82.95,30.85,60.7,1.5,16.68,0
Shey Phoksundo National Park,Dolpa,29.3333,82.95,30.15,71.33,17.93,14.07,0
Shey Phoksundo National Park,Dolpa,29.3333,82.95,20.11,79.46,12.51,19.77,0
Shey Phoksundo National Park,Dolpa,29.3333,82.95,37.51,37.87,18.46,12.64,0
Shey Phoksundo National Park,Dolpa,29.3333,82.95,33.43,71.49,6.44,15.27,0
Shey Phoksundo National Park,Dolpa,29.3333,82.95,31.72,85.57,6.02,3.58,0
Shey Phoksundo National Park,Dolpa,29.3333,82.95,28.29,44.22,6.49,1.54,0
Shey Phoksundo National Park,Dolpa,29.3333,82.95,27.22,22.54,14.46,12.53,0
Shey Phoksundo National Park,Dolpa,29.3333,82.95,39.36,72.74,7.69,16.18,0
Shey Phoksundo National Park,Dolpa,29.3333,82.95,40.0,20.7,5.85,2.71,0
Shey Phoksundo National Park,Dolpa,29.3333,82.95,29.85,27.87,19.19,9.25,0
Shey Phoksundo National Park,Dolpa,29.3333,82.95,27.23,57.52,2.41,8.18,0
Shey Phoksundo National Park,Dolpa,29.3333,82.95,32.96,20.47,2.25,0.22,1
Shey Phoksundo National Park,Dolpa,29.3333,82.95,23.86,77.01,15.14,11.81,0
Shey Phoksundo National Park,Dolpa,29.3333,82.95,30.98,42.53,9.43,3.86,0
Shey Phoksundo National Park,Dolpa,29.3333,82.95,17.11,23.62,11.3,15.37,0
Shey Phoksundo National Park,Dolpa,29.3333,82.95,39.71,61.25,0.2,15.88,0
Shey Phoksundo National Park,Dolpa,29.3333,82.95,21.53,69.19,19.23,10.9,0
Shey Phoksundo National Park,Dolpa,29.3333,82.95,24.73,42.03,7.1,10.34,0
Shey Phoksundo National Park,Dolpa,29.3333,82.95,34.56,81.92,3.03,0.02,0
Shey Phoksundo National Park,Dolpa,29.3333,82.95,33.32,56.45,9.09,14.52,0
Shey Phoksundo National Park,Dolpa,29.3333,82.95,29.85,60.62,7.04,2.39,0
Shey Phoksundo National Park,Dolpa,29.3333,82.95,18.42,37.01,15.51,14.92,0
Shey Phoksundo National Park,Dolpa,29.3333,82.95,32.67,45.61,16.2,18.6,0
Shey Phoksundo National Park,Dolpa,29.3333,82.95,17.48,22.66,17.33,14.65,0
Shey Phoksundo National Park,Dolpa,29.3333,82.95,22.94,80.75,13.63,4.69,0
Shey Phoksundo National Park,Dolpa,29.3333,82.95,30.25,78.28,14.86,10.6,0
Shey Phoksundo National Park,Dolpa,29.3333,82.95,33.09,20.4,8.35,9.84,0
Shey Phoksundo National Park,Dolpa,29.3333,82.95,35.67,37.49,4.25,13.0,1
Shey Phoksundo National Park,Dolpa,29.3333,82.95,39.21,80.73,12.7,8.56,0
Shey Phoksundo National Park,Dolpa,29.3333,82.95,33.56,83.46,0.02,19.79,0
Shey Phoksundo National Park,Dolpa,29.3333,82.95,22.4,46.02,7.98,19.11,0
Shey Phoksundo National Park,Dolpa,29.3333,82.95,31.11,77.14,4.95,6.89,0
Shey Phoksundo National Park,Dolpa,29.3333,82.95,19.86,62.23,2.04,12.76,0
Shey Phoksundo National Park,Dolpa,29.3333,82.95,34.1,33.27,2.31,14.65,1
Shey Phoksundo National Park,Dolpa,29.3333,82.95,18.66,42.37,13.32,19.2,0
Shey Phoksundo National Park,Dolpa,29.3333,82.95,33.91,68.52,19.5,3.22,0
Shey Phoksundo National Park,Dolpa,29.3333,82.95,31.34,73.69,19.28,0.14,0
Shey Phoksundo National Park,Dolpa,29.3333,82.95,33.25,37.28,14.57,14.96,0
Shey Phoksundo National Park,Dolpa,29.3333,82.95,24.4,88.09,7.54,1.85,0
Koshi Tappu Wildlife Reserve,Sunsari,26.65,87.1667,38.46,65.02,7.55,13.39,0
Koshi Tappu Wildlife Reserve,Sunsari,26.65,87.1667,27.57,76.36,1.32,11.88,0
Koshi Tappu Wildlife Reserve,Sunsari,26.65,87.1667,17.34,56.81,0.91,12.19,0
Koshi Tappu Wildlife Reserve,Sunsari,26.65,87.1667,22.36,32.77,10.4,5.92,0
Koshi Tappu Wildlife Reserve,Sunsari,26.65,87.1667,37.5,27.8,12.91,15.06,0
Koshi Tappu Wildlife Reserve,Sunsari,26.65,87.1667,24.27,41.63,1.12,16.49,0
Koshi Tappu Wildlife Reserve,Sunsari,26.65,87.1667,35.0,27.81,4.92,11.09,1
Koshi Tappu Wildlife Reserve,Sunsari,26.65,87.1667,27.55,53.72,3.72,16.15,0
Koshi Tappu Wildlife Reserve,Sunsari,26.65,87.1667,24.45,44.58,6.6,0.53,0
Koshi Tappu Wildlife Reserve,Sunsari,26.65,87.1667,31.87,48.9,19.14,11.85,0
Koshi Tappu Wildlife Reserve,Sunsari,26.65,87.1667,31.39,85.31,18.55,4.03,0
Koshi Tappu Wildlife Reserve,Sunsari,26.65,87.1667,15.74,49.46,0.38,14.15,0
Koshi Tappu Wildlife Reserve,Sunsari,26.65,87.1667,23.3,59.43,10.35,18.68,0
Koshi Tappu Wildlife Reserve,Sunsari,26.65,87.1667,16.88,83.57,18.07,17.58,0
Koshi Tappu Wildlife Reserve,Sunsari,26.65,87.1667,18.47,39.44,10.25,15.75,0
Koshi Tappu Wildlife Reserve,Sunsari,26.65,87.1667,22.37,76.71,7.25,2.72,0
Koshi Tappu Wildlife Reserve,Sunsari,26.65,87.1667,18.67,42.48,18.83,12.86,0
Koshi Tappu Wildlife Reserve,Sunsari,26.65,87.1667,23.18,86.34,6.2,0.22,0
Koshi Tappu Wildlife Reserve,Sunsari,26.65,87.1667,35.37,41.57,3.4,14.4,0
Koshi Tappu Wildlife Reserve,Sunsari,26.65,87.1667,30.28,56.82,10.13,18.14,0
Koshi Tappu Wildlife Reserve,Sunsari,26.65,87.1667,29.08,61.21,7.04,0.4,0
Koshi Tappu Wildlife Reserve,Sunsari,26.65,87.1667,30.32,77.22,0.12,15.06,0
Koshi Tappu Wildlife Reserve,Sunsari,26.65,87.1667,17.64,88.2,15.82,3.24,0
Koshi Tappu Wildlife Reserve,Sunsari,26.65,87.1667,19.19,76.82,4.38,6.26,0
Koshi Tappu Wildlife Reserve,Sunsari,26.65,87.1667,26.32,31.02,16.35,17.84,0
Koshi Tappu Wildlife Reserve,Sunsari,26.65,87.1667,26.6,42.6,16.03,9.57,0
Koshi Tappu Wildlife Reserve,Sunsari,26.65,87.1667,16.14,56.76,1.32,1.86,0
Koshi Tappu Wildlife Reserve,Sunsari,26.65,87.1667,32.44,55.48,1.58,6.32,0
Koshi Tappu Wildlife Reserve,Sunsari,26.65,87.1667,20.7,37.74,9.94,2.31,0
Koshi Tappu Wildlife Reserve,Sunsari,26.65,87.1667,27.76,87.45,0.82,8.52,0
Koshi Tappu Wildlife Reserve,Sunsari,26.65,87.1667,38.85,50.01,11.14,2.89,0
Koshi Tappu Wildlife Reserve,Sunsari,26.65,87.1667,37.51,71.87,8.07,17.31,0
Koshi Tappu Wildlife Reserve,Sunsari,26.65,87.1667,29.65,23.05,13.15,1.2,0
Koshi Tappu Wildlife Reserve,Sunsari,26.65,87.1667,34.68,60.84,6.38,19.26,0
Koshi Tappu Wildlife Reserve,Sunsari,26.65,87.1667,22.89,52.55,11.68,12.33,0
Koshi Tappu Wildlife Reserve,Sunsari,26.65,87.1667,26.13,83.55,19.01,13.22,0
Koshi Tappu Wildlife Reserve,Sunsari,26.65,87.1667,33.45,75.4,10.83,8.83,0
Koshi Tappu Wildlife Reserve,Sunsari,26.65,87.1667,28.58,61.8,6.49,0.45,0
Koshi Tappu Wildlife Reserve,Sunsari,26.65,87.1667,19.59,44.37,11.25,15.94,0
Koshi Tappu Wildlife Reserve,Sunsari,26.65,87.1667,30.69,43.99,8.21,12.11,0
Koshi Tappu Wildlife Reserve,Sunsari,26.65,87.1667,38.64,70.08,3.2,13.02,0
Koshi Tappu Wildlife Reserve,Sunsari,26.65,87.1667,36.77,44.06,9.47,8.51,0
Koshi Tappu Wildlife Reserve,Sunsari,26.65,87.1667,37.54,55.13,15.41,19.82,0
Koshi Tappu Wildlife Reserve,Sunsari,26.65,87.1667,30.27,83.08,0.26,19.21,0
Koshi Tappu Wildlife Reserve,Sunsari,26.65,87.1667,15.9,54.73,15.93,10.69,0
Koshi Tappu Wildlife Reserve,Sunsari,26.65,87.1667,15.53,23.82,6.25,14.85,0
Koshi Tappu Wildlife Reserve,Sunsari,26.65,87.1667,15.32,33.69,1.9,8.98,0
Koshi Tappu Wildlife Reserve,Sunsari,26.65,87.1667,29.11,52.14,10.99,8.49,0
Koshi Tappu Wildlife Reserve,Sunsari,26.65,87.1667,31.24,56.23,10.79,0.32,0
Koshi Tappu Wildlife Reserve,Sunsari,26.65,87.1667,18.27,32.39,16.36,2.04,0
Annapurna Conservation Area,Kaski,28.6,83.8,17.98,85.24,6.11,6.66,0
Annapurna Conservation Area,Kaski,28.6,83.8,22.7,46.98,13.49,15.02,0
Annapurna Conservation Area,Kaski,28.6,83.8,31.01,52.13,6.43,4.4,0
Annapurna Conservation Area,Kaski,28.6,83.8,20.32,24.13,11.15,4.14,0
Annapurna Conservation Area,Kaski,28.6,83.8,32.2,73.6,9.73,14.08,0
Annapurna Conservation Area,Kaski,28.6,83.8,18.21,53.01,0.23,15.12,0
Annapurna Conservation Area,Kaski,28.6,83.8,37.04,70.98,11.42,8.49,0
Annapurna Conservation Area,Kaski,28.6,83.8,24.9,89.37,3.82,18.93,0
Annapurna Conservation Area,Kaski,28.6,83.8,31.35,77.9,4.01,8.12,0
Annapurna Conservation Area,Kaski,28.6,83.8,36.7,47.59,15.04,4.45,0
Annapurna Conservation Area,Kaski,28.6,83.8,20.89,81.48,1.83,5.66,0
Annapurna Conservation Area,Kaski,28.6,83.8,20.27,22.74,15.22,19.61,0
Annapurna Conservation Area,Kaski,28.6,83.8,17.13,88.41,15.95,10.13,0
Annapurna Conservation Area,Kaski,28.6,83.8,17.31,25.34,19.66,2.22,0
Annapurna Conservation Area,Kaski,28.6,83.8,33.15,65.03,17.23,13.51,0
Annapurna Conservation Area,Kaski,28.6,83.8,22.43,41.67,7.51,10.29,0
Annapurna Conservation Area,Kaski,28.6,83.8,18.99,71.16,17.58,13.0,0
Annapurna Conservation Area,Kaski,28.6,83.8,19.74,44.16,6.63,8.85,0
Annapurna Conservation Area,Kaski,28.6,83.8,24.59,47.03,5.51,15.12,0
Annapurna Conservation Area,Kaski,28.6,83.8,38.35,21.79,15.67,8.39,0
Annapurna Conservation Area,Kaski,28.6,83.8,31.52,41.23,2.18,12.6,0
Annapurna Conservation Area,Kaski,28.6,83.8,30.17,88.27,15.52,0.63,0
Annapurna Conservation Area,Kaski,28.6,83.8,30.36,79.99,18.26,8.6,0
Annapurna Conservation Area,Kaski,28.6,83.8,27.41,39.86,4.06,19.01,0
Annapurna Conservation Area,Kaski,28.6,83.8,24.01,78.16,1.76,3.28,0
Annapurna Conservation Area,Kaski,28.6,83.8,15.24,22.44,2.79,10.53,0
Annapurna Conservation Area,Kaski,28.6,83.8,36.77,48.09,5.24,18.28,0
Annapurna Conservation Area,Kaski,28.6,83.8,17.64,32.66,19.68,18.83,0
Annapurna Conservation Area,Kaski,28.6,83.8,38.29,22.03,14.09,7.47,0
Annapurna Conservation Area,Kaski,28.6,83.8,22.46,49.21,0.19,1.51,0
Annapurna Conservation Area,Kaski,28.6,83.8,29.85,79.05,12.08,11.03,0
Annapurna Conservation Area,Kaski,28.6,83.8,29.95,52.84,0.58,8.62,0
Annapurna Conservation Area,Kaski,28.6,83.8,28.01,80.63,10.48,7.89,0
Annapurna Conservation Area,Kaski,28.6,83.8,28.22,39.26,4.54,1.74,0
Annapurna Conservation Area,Kaski,28.6,83.8,35.12,35.45,6.7,3.18,0
Annapurna Conservation Area,Kaski,28.6,83.8,15.24,21.86,11.71,13.17,0
Annapurna Conservation Area,Kaski,28.6,83.8,18.95,57.4,3.02,7.36,0
Annapurna Conservation Area,Kaski,28.6,83.8,36.66,34.81,18.16,1.27,0
Annapurna Conservation Area,Kaski,28.6,83.8,39.85,27.92,8.9,0.58,0
Annapurna Conservation Area,Kaski,28.6,83.8,26.36,49.89,2.51,1.25,0
Annapurna Conservation Area,Kaski,28.6,83.8,37.21,33.45,1.48,0.84,1
Annapurna Conservation Area,Kaski,28.6,83.8,38.68,51.57,16.51,8.27,0
Annapurna Conservation Area,Kaski,28.6,83.8,30.93,85.94,5.42,2.7,0
Annapurna Conservation Area,Kaski,28.6,83.8,34.44,61.81,9.55,13.41,0
Annapurna Conservation Area,Kaski,28.6,83.8,37.18,44.34,7.94,12.92,0
Annapurna Conservation Area,Kaski,28.6,83.8,15.63,35.26,19.85,18.38,0
Annapurna Conservation Area,Kaski,28.6,83.8,19.21,37.79,18.89,18.5,0
Annapurna Conservation Area,Kaski,28.6,83.8,32.11,45.09,14.14,7.11,0
Annapurna Conservation Area,Kaski,28.6,83.8,16.45,27.45,3.62,14.5,0
Annapurna Conservation Area,Kaski,28.6,83.8,30.15,35.91,1.03,14.82,1
Kanchenjunga Conservation Area,Taplejung,27.7167,88.1,29.98,52.83,7.48,11.76,0
Kanchenjunga Conservation Area,Taplejung,27.7167,88.1,36.38,60.62,7.17,8.82,0
Kanchenjunga Conservation Area,Taplejung,27.7167,88.1,37.91,51.67,18.32,4.25,0
Kanchenjunga Conservation Area,Taplejung,27.7167,88.1,35.21,32.22,10.68,9.75,0
Kanchenjunga Conservation Area,Taplejung,27.7167,88.1,18.89,47.4,13.88,14.25,0
Kanchenjunga Conservation Area,Taplejung,27.7167,88.1,33.49,54.67,8.57,8.94,0
Kanchenjunga Conservation Area,Taplejung,27.7167,88.1,30.16,20.62,5.78,0.26,0
Kanchenjunga Conservation Area,Taplejung,27.7167,88.1,34.84,40.48,6.24,5.43,0
Kanchenjunga Conservation Area,Taplejung,27.7167,88.1,29.66,85.43,4.58,0.17,0
Kanchenjunga Conservation Area,Taplejung,27.7167,88.1,29.12,27.33,5.86,15.76,0
Kanchenjunga Conservation Area,Taplejung,27.7167,88.1,19.66,44.43,6.04,5.2,0
Kanchenjunga Conservation Area,Taplejung,27.7167,88.1,23.53,74.88,1.1,1.44,0
Kanchenjunga Conservation Area,Taplejung,27.7167,88.1,28.58,37.67,12.01,5.66,0
Kanchenjunga Conservation Area,Taplejung,27.7167,88.1,36.37,55.15,5.39,13.52,0
Kanchenjunga Conservation Area,Taplejung,27.7167,88.1,29.65,34.51,15.26,3.61,0
Kanchenjunga Conservation Area,Taplejung,27.7167,88.1,34.26,49.95,6.66,12.89,0
Kanchenjunga Conservation Area,Taplejung,27.7167,88.1,35.44,32.85,11.98,14.55,0
Kanchenjunga Conservation Area,Taplejung,27.7167,88.1,37.55,70.47,4.19,5.35,0
Kanchenjunga Conservation Area,Taplejung,27.7167,88.1,21.72,40.14,9.07,8.3,0
Kanchenjunga Conservation Area,Taplejung,27.7167,88.1,33.41,84.08,4.58,4.69,0
Kanchenjunga Conservation Area,Taplejung,27.7167,88.1,35.27,46.54,4.8,4.31,0
Kanchenjunga Conservation Area,Taplejung,27.7167,88.1,15.01,84.47,7.54,0.75,0
Kanchenjunga Conservation Area,Taplejung,27.7167,88.1,25.5,48.85,8.24,2.76,0
Kanchenjunga Conservation Area,Taplejung,27.7167,88.1,35.04,26.83,6.03,8.5,0
Kanchenjunga Conservation Area,Taplejung,27.7167,88.1,39.23,33.16,11.98,19.9,0
Kanchenjunga Conservation Area,Taplejung,27.7167,88.1,34.32,48.79,3.95,10.11,0
Kanchenjunga Conservation Area,Taplejung,27.7167,88.1,18.86,87.29,8.4,5.94,0
Kanchenjunga Conservation Area,Taplejung,27.7167,88.1,36.75,44.76,13.66,0.01,0
Kanchenjunga Conservation Area,Taplejung,27.7167,88.1,39.76,65.47,0.84,0.31,0
Kanchenjunga Conservation Area,Taplejung,27.7167,88.1,29.07,61.19,19.03,14.37,0
Kanchenjunga Conservation Area,Taplejung,27.7167,88.1,24.94,48.55,6.84,4.98,0
Kanchenjunga Conservation Area,Taplejung,27.7167,88.1,29.22,72.02,6.82,12.1,0
Kanchenjunga Conservation Area,Taplejung,27.7167,88.1,21.96,48.56,1.78,17.52,0
Kanchenjunga Conservation Area,Taplejung,27.7167,88.1,30.41,66.2,13.11,15.28,0
Kanchenjunga Conservation Area,Taplejung,27.7167,88.1,23.87,32.0,12.83,16.89,0
Kanchenjunga Conservation Area,Taplejung,27.7167,88.1,35.5,82.4,1.6,17.69,0
Kanchenjunga Conservation Area,Taplejung,27.7167,88.1,16.77,47.11,11.45,14.93,0
Kanchenjunga Conservation Area,Taplejung,27.7167,88.1,37.3,62.54,7.4,12.95,0
Kanchenjunga Conservation Area,Taplejung,27.7167,88.1,21.29,32.13,13.96,19.91,0
Kanchenjunga Conservation Area,Taplejung,27.7167,88.1,23.52,59.51,7.72,13.65,0
Kanchenjunga Conservation Area,Taplejung,27.7167,88.1,36.88,56.31,13.95,13.81,0
Kanchenjunga Conservation Area,Taplejung,27.7167,88.1,39.48,71.76,11.64,5.69,0
Kanchenjunga Conservation Area,Taplejung,27.7167,88.1,30.76,68.78,1.92,8.7,0
Kanchenjunga Conservation Area,Taplejung,27.7167,88.1,26.12,29.11,13.59,1.01,0
Kanchenjunga Conservation Area,Taplejung,27.7167,88.1,23.3,86.15,10.94,12.85,0
Kanchenjunga Conservation Area,Taplejung,27.7167,88.1,34.36,58.1,17.1,5.54,0
Kanchenjunga Conservation Area,Taplejung,27.7167,88.1,34.4,40.23,0.35,9.92,0
Kanchenjunga Conservation Area,Taplejung,27.7167,88.1,24.45,29.53,15.52,19.91,0
Kanchenjunga Conservation Area,Taplejung,27.7167,88.1,39.6,28.68,5.81,3.17,0
Kanchenjunga Conservation Area,Taplejung,27.7167,88.1,24.1,34.9,8.84,7.47,0
